{"cameraMode":{"drawMode":0,"name":"Shaded","section":"Shading Mode"},"sceneLighting":true,"audioPlay":false,"sceneViewState":{"showFog":false,"showMaterialUpdate":false,"showSkybox":false,"showFlares":false,"showImageEffects":false,"showParticleSystems":false},"in2DMode":false,"pivot":{"x":61.65375518798828,"y":70.99755859375,"z":94.07496643066406},"rotation":{"x":0.4580792188644409,"y":0.2490319311618805,"z":-0.13540074229240418,"w":0.8425095677375794},"size":268.8357849121094,"orthographic":false}