{"cameraMode":{"drawMode":0,"name":"Shaded","section":"Shading Mode"},"sceneLighting":true,"audioPlay":false,"sceneViewState":{"showFog":true,"showMaterialUpdate":true,"showSkybox":true,"showFlares":true,"showImageEffects":true,"showParticleSystems":true},"in2DMode":false,"pivot":{"x":6.844394683837891,"y":45.49657440185547,"z":28.071441650390626},"rotation":{"x":0.22314594686031342,"y":0.4001120328903198,"z":-0.1011032834649086,"w":0.8831226825714111},"size":63.78014373779297,"orthographic":false}