{"cameraMode":{"drawMode":0,"name":"Shaded","section":"Shading Mode"},"sceneLighting":true,"audioPlay":false,"sceneViewState":{"showFog":true,"showMaterialUpdate":true,"showSkybox":true,"showFlares":true,"showImageEffects":true,"showParticleSystems":true},"in2DMode":false,"pivot":{"x":41.643646240234378,"y":0.8832778930664063,"z":51.53137969970703},"rotation":{"x":0.06838151812553406,"y":0.44524261355400088,"z":-0.03412920609116554,"w":0.8921516537666321},"size":71.89788818359375,"orthographic":false}