{"cameraMode":{"drawMode":0,"name":"Shaded","section":"Shading Mode"},"sceneLighting":true,"audioPlay":false,"sceneViewState":{"showFog":false,"showMaterialUpdate":false,"showSkybox":false,"showFlares":false,"showImageEffects":false,"showParticleSystems":false},"in2DMode":false,"pivot":{"x":-5.374213218688965,"y":13.714384078979493,"z":-7.259708404541016},"rotation":{"x":0.1745171844959259,"y":0.27872827649116518,"z":-0.05158287659287453,"w":0.9429754614830017},"size":92.41275787353516,"orthographic":false}