{"cameraMode":{"drawMode":0,"name":"Shaded","section":"Shading Mode"},"sceneLighting":true,"audioPlay":false,"sceneViewState":{"showFog":true,"showMaterialUpdate":true,"showSkybox":true,"showFlares":true,"showImageEffects":true,"showParticleSystems":true},"in2DMode":false,"pivot":{"x":39.15883255004883,"y":32.1822395324707,"z":43.45528793334961},"rotation":{"x":0.14381609857082368,"y":0.5943875908851624,"z":-0.10908350348472595,"w":0.7836663722991943},"size":0.3297277092933655,"orthographic":false}