{"cameraMode":{"drawMode":0,"name":"Shaded","section":"Shading Mode"},"sceneLighting":true,"audioPlay":false,"sceneViewState":{"showFog":false,"showMaterialUpdate":false,"showSkybox":false,"showFlares":false,"showImageEffects":false,"showParticleSystems":false},"in2DMode":false,"pivot":{"x":246.1744384765625,"y":273.85430908203127,"z":-172.90478515625},"rotation":{"x":-0.011843619868159294,"y":0.16068921983242036,"z":0.0019309230847284198,"w":0.9869359135627747},"size":511.2042541503906,"orthographic":false}