{"cameraMode":{"drawMode":0,"name":"Shaded","section":"Shading Mode"},"sceneLighting":true,"audioPlay":false,"sceneViewState":{"showFog":true,"showMaterialUpdate":true,"showSkybox":true,"showFlares":true,"showImageEffects":true,"showParticleSystems":true},"in2DMode":false,"pivot":{"x":28.05011749267578,"y":42.3756103515625,"z":27.448524475097658},"rotation":{"x":0.22314594686031342,"y":0.4001120328903198,"z":-0.1011032834649086,"w":0.8831226825714111},"size":-7.4232001304626469,"orthographic":false}