{"cameraMode":{"drawMode":0,"name":"Shaded","section":"Shading Mode"},"sceneLighting":true,"audioPlay":false,"sceneViewState":{"showFog":true,"showMaterialUpdate":true,"showSkybox":true,"showFlares":true,"showImageEffects":true,"showParticleSystems":true},"in2DMode":false,"pivot":{"x":81.6815414428711,"y":-11.256589889526368,"z":68.06364440917969},"rotation":{"x":0.18357934057712556,"y":0.4742269814014435,"z":-0.10182405263185501,"w":0.8550156950950623},"size":106.04557037353516,"orthographic":false}