{"cameraMode":{"drawMode":0,"name":"Shaded","section":"Shading Mode"},"sceneLighting":true,"audioPlay":false,"sceneViewState":{"showFog":false,"showMaterialUpdate":false,"showSkybox":false,"showFlares":false,"showImageEffects":false,"showParticleSystems":false},"in2DMode":false,"pivot":{"x":174.62103271484376,"y":84.28254699707031,"z":71.57884216308594},"rotation":{"x":0.150401771068573,"y":0.37730932235717776,"z":-0.06224416196346283,"w":0.911675214767456},"size":117.17562103271485,"orthographic":false}