{"cameraMode":{"drawMode":0,"name":"Shaded","section":"Shading Mode"},"sceneLighting":true,"audioPlay":false,"sceneViewState":{"showFog":true,"showMaterialUpdate":true,"showSkybox":true,"showFlares":true,"showImageEffects":true,"showParticleSystems":true},"in2DMode":false,"pivot":{"x":20.140687942504884,"y":37.126869201660159,"z":-22.152664184570314},"rotation":{"x":0.18733346462249757,"y":0.40253984928131106,"z":-0.0845390185713768,"w":0.8920384645462036},"size":38.47425079345703,"orthographic":false}