{"cameraMode":{"drawMode":0,"name":"Shaded","section":"Shading Mode"},"sceneLighting":true,"audioPlay":false,"sceneViewState":{"showFog":false,"showMaterialUpdate":false,"showSkybox":false,"showFlares":false,"showImageEffects":false,"showParticleSystems":false},"in2DMode":false,"pivot":{"x":1.9975576400756837,"y":0.08306050300598145,"z":1.4913876056671143},"rotation":{"x":0.21030056476593018,"y":0.3975907862186432,"z":-0.09414464980363846,"w":0.8881688714027405},"size":8.110809326171875,"orthographic":false}